136,43632408932484; 491,8843914351751
188,9144139106282; 453,44620731760506
243,5119929353277; 409,80466704461213
304,5316821031656; 339,09734333435085
276,1123982985746; 374,45479220269505
329,9192670654102; 284,98849853909553
334,3607444406798; 238,13178404779555
331,4679020338607; 194,3861009114299
324,4112951228266; 147,5085578474554
336,1003070079804; 113,16224150713006
321,5820952489575; 92,30715974008982
292,48781488277535; 61,01128254328199
292,6324570031163; 34,97556670010027
321,94080770740305; 27,738584448999134
339,6295747442997; 42,350774933496105
348,8982418157482; 67,36210370241156
365,4780859300309; 93,4281156513017
412,3884183990097; 116,42475339060657
441,47112739556457; 149,8034878548689
462,1915932748077; 183,16707426627707
472,4418982029701; 219,63601151279923
484,75383548639223; 261,3158789411714
484,4876939849649; 309,2215960926257
480,11564482745894; 343,58116697919843
469,4661276471555; 378,97080545985784
456,72026400271045; 415,3980855610309
433,515810776812; 452,84785922986356
394,5627234881903; 502,76637390432165
353,6637175405816; 526,6453857223845
322,19537783920316; 546,3757245649994
284,5074269631637; 556,7218446644281
238,4514472849988; 568,0942453447299
194,5554566039255; 566,973289433518
151,75103179102524; 557,5227979590946
123,64417496637067; 536,6431006061664
136,4421097741385; 490,8429628014478
