282,4533333333333; 177,49333333333334
339,62666666666667; 118,61333333333333
335,36; 76,8
391,68; 93,01333333333334
437,76; 81,92
464,2133333333333; 66,56
484,6933333333333; 69,12
485,5466666666667; 87,89333333333333
525,6533333333333; 102,4
610,9866666666667; 146,77333333333334
628,9066666666666; 205,65333333333334
614,4; 260,26666666666665
570,88; 294,4
508,58666666666664; 314,02666666666664
482,1333333333333; 390,82666666666665
454,82666666666665; 456,53333333333336
360,96; 556,3733333333333
349,0133333333333; 512
258,56; 537,6
257,70666666666665; 555,52
197,12; 575,1466666666666
153,6; 564,9066666666666
96,42666666666666; 554,6666666666666
25,6; 487,25333333333333
17,066666666666666; 376,32
64; 279,04
139,09333333333333; 226,13333333333333
455,68; 518,8266666666667
484,6933333333333; 539,3066666666666
464,2133333333333; 556,3733333333333
415,5733333333333; 528,2133333333334
405,3333333333333; 489,81333333333333
426,6666666666667; 565,76
406,18666666666667; 576
